{"v1": [0.04343767393742254, 0.0776230246157806, 0.9991088187422863], "w1": [0.4, 0.1, 0.992804397059401], "v2": [0.044030024027217174, 0.07567065607574093, 0.9983083661154305], "w2": [0.4, 0.1, 0.992804397059401]}